phoenixdown614,ed04da7e-8770-4d46-8b76-85a79f4ebf45
gibistar,fa6d633d-1687-4861-ac1f-ce23cd30e123
elwaxxo,b6cc8741-6502-40b1-a578-82f19517f814
peaceiscloser,80025ee6-7a9b-41f1-ad2e-4ef615d95b5a
riceprezpip,84f5b79d-118d-498c-96c0-e3e4f8b21c85
supercallum7,fd7aca61-a99a-46c8-ac7b-c1b0e1088859
crackle_,fe950b1f-4050-4e70-96f2-04edbb2aceb6
poowt_is_da_best,4750d0f7-e8a5-4cf7-8dab-dbb576e6abf7
zany_polar,03fe0ef6-fe39-4eab-90ea-ff365d32c0ff
totokip,e943d01d-3fbf-4325-8004-fe9f59725731
protocut,c54b5065-786b-4e44-b77d-8ab0a769fc90
vince_25,768438d7-f4fd-4248-beae-22ac2ee5e6b8
sp0t_,ae24cf07-7121-4aa1-8d86-98f461c4c7a5
big_chungy,00eabbf9-4a5a-4d3c-bfb0-7841002f682f
moltendragon52,c2e98459-233d-4cfa-8738-cd032a3246ee
dinosorurus,1b855b56-689e-4503-bd10-304198877b37
cobaltcab,224168b2-cfc0-4bf4-8067-8e321b952d93
goldtheglaceon,1e17d586-3a2b-4b2d-ad75-5b21a94f4142
53pepper,6e739754-e367-4ac7-b263-1e189efca9d1
azian_invazion55,c923bb6e-a003-4db0-9202-b329ff1b3dae
pinkgirldeer,3a2f233d-47e4-4599-8454-00d536f21fb6
jettpizza,460f75e8-17c3-4e43-b123-ea863f12bb88
syrii,5aea50ec-aae9-47a0-9f41-bcb149316344
pandamitten,c923bb6e-a003-4db0-9202-b329ff1b3dae
azumawhirl,12bf379d-96dd-4034-9bb7-8905db1709e2
colonydrone8,839fdce5-361b-4c83-a5e3-3bc683b13e1a
doctortricky,716d7302-feea-47dd-b321-e4508a35d9bc
cyrus,6c86eb89-58ce-4a21-8c74-71c03a4fdd58
masonian,3472b1ae-ebbc-4a5c-a487-12e190135293
staid,c0cf7890-0037-4d13-8ad7-e80e65674ab4
isishart,8a9b4da4-540a-46ac-bf0b-70a8ab0ecc99
smokeythelion,2e529b45-5e14-4f90-83f0-ab0e89bd83dd
wafflepan,7cc83270-abed-4d30-a13c-e1e932b2654f
natebrad,82c279b5-3c43-486f-9e29-2edd0d4c448e
poketoa,bed6fed8-bc2e-440a-92c8-0fe0233e522f
